pool_ID,sample_ID,genome,barcode_N,barcode_oligo,barcode
pool1,pool1_3,mm10,1,TS301,AAAGA
pool1,pool1_8,mm10,2,TS302,AAGTA
pool1,pool1_9,mm10,3,TS303,AATTG
pool1,pool1_11,mm10,4,TS304,AGATG
pool1,pool1_20,mm10,6,TS306,AGTAA
pool1,pool1_22,mm10,7,TS307,ATTAG
pool1,pool1_25,mm10,8,TS308,GTTGT
pool1,pool1_30,mm10,10,TS310,ATGTG
pool1,pool1_31,mm10,11,TS311,GTAGA
pool1,pool1_33,mm10,12,TS312,GTGGG
pool1,pool1_35,mm10,13,TS313,GTGAA
pool1,pool1_37,mm10,14,TS314,GTTTG
pool1,pool1_39,mm10,15,TS315,GAGTG
pool1,pool1_41,mm10,16,TS316,ATTGG
pool1,pool1_42,mm10,17,TS317,GAAGT
pool1,pool1_45,mm10,18,TS318,GAGGG
pool1,pool1_48,mm10,19,TS319,GAGGA
pool1,pool1_49,mm10,20,TS320,GATGG
pool1,pool1_51,mm10,21,TS321,GATTT
pool1,pool1_52,mm10,22,TS322,GTAGG
pool1,pool1_53,mm10,23,TS323,GTATA
pool1,pool1_55,mm10,24,TS324,GTGAG
pool1,pool1_57,mm10,25,TS325,TAATG
pool1,pool1_58,mm10,26,TS326,TAGAG
pool1,pool1_59,mm10,27,TS327,TATAA
pool1,pool1_60,mm10,28,TS328,TGATT
pool1,pool1_61,mm10,29,TS329,TGGAA
pool1,pool1_66,mm10,30,TS330,ATGAG
pool1,pool1_69,mm10,31,TS331,TTAGG
pool1,pool1_70,mm10,32,TS332,TGAGG
pool1,pool1_73,mm10,33,TS333,AGAGT
pool1,pool1_82,mm10,34,TS334,GAGAT
pool1,pool1_96,mm10,35,TS335,AGTTG
pool1,pool1_97,mm10,36,TS336,GATGA
pool1,pool1_99,mm10,37,TS337,ATGTA
pool1,pool1_101,mm10,38,TS338,AGATA
pool1,pool1_102,mm10,39,TS339,TGAGT
pool1,pool1_107,mm10,41,TS341,AATAT
pool1,pool1_109,mm10,42,TS342,ATAAG
pool1,pool1_117,mm10,43,TS343,AGTAT
pool1,pool1_128,mm10,44,TS344,TGTTG
pool1,pool1_131,mm10,45,TS345,GATAG
pool1,pool1_132,mm10,46,TS346,TAGTG
pool1,pool1_133,mm10,47,TS347,GGTAT
pool1,pool1_135,mm10,48,TS348,GTATG
pool1,pool1_136,mm10,49,TS349,AGGAG
pool1,pool1_137,mm10,50,TS350,TTAAG
pool1,pool1_1,mm10,51,TS351,AGGTG
pool1,pool1_36,mm10,53,TS353,GTGTA
pool1,pool1_67,mm10,56,TS356,AGAGG
pool1,LAMBDA,Enterobacteriophage_lambda,60,TS360,ATATT
pool2,pool2_1,mm10,1,TS301,AAAGA
pool2,pool2_2,mm10,2,TS302,AAGTA
pool2,pool2_3,mm10,3,TS303,AATTG
pool2,pool2_4,mm10,4,TS304,AGATG
pool2,pool2_5,mm10,5,TS305,AGGTT
pool2,pool2_6,mm10,6,TS306,AGTAA
pool2,pool2_7,mm10,7,TS307,ATTAG
pool2,pool2_8,mm10,8,TS308,GTTGT
pool2,pool2_9,mm10,9,TS309,AGTGA
pool2,pool2_10,mm10,10,TS310,ATGTG
pool2,pool2_11,mm10,11,TS311,GTAGA
pool2,pool2_12,mm10,12,TS312,GTGGG
pool2,pool2_13,mm10,13,TS313,GTGAA
pool2,pool2_14,mm10,14,TS314,GTTTG
pool2,pool2_15,mm10,15,TS315,GAGTG
pool2,pool2_16,mm10,16,TS316,ATTGG
pool2,pool2_17,mm10,17,TS317,GAAGT
pool2,pool2_18,mm10,18,TS318,GAGGG
pool2,pool2_19,mm10,19,TS319,GAGGA
pool2,pool2_20,mm10,20,TS320,GATGG
pool2,pool2_21,mm10,21,TS321,GATTT
pool2,pool2_22,mm10,22,TS322,GTAGG
pool2,pool2_23,mm10,23,TS323,GTATA
pool2,pool2_24,mm10,24,TS324,GTGAG
pool2,pool2_25,mm10,25,TS325,TAATG
pool2,pool2_26,mm10,26,TS326,TAGAG
pool2,pool2_27,mm10,27,TS327,TATAA
pool2,pool2_28,mm10,28,TS328,TGATT
pool2,pool2_29,mm10,29,TS329,TGGAA
pool2,pool2_30,mm10,30,TS330,ATGAG
pool2,pool2_31,mm10,32,TS332,TGAGG
pool2,Lambda,Enterobacteriophage_lambda,57,TS357,GTGGT