pool_ID,sample_ID,genome,bisulfite,barcode_N,barcode_oligo,barcode,age,age_units,sex,tissue
TS-BloodClock_Benchmarking,56.2_T5,mm10,BS,17,TS317,GAAGT,30.232558139534884,months,male,blood
TS-BloodClock_Benchmarking,56.3_BL,mm10,BS,18,TS318,GAGGG,12.823920265780732,months,male,blood
TS-BloodClock_Benchmarking,56.3_T2,mm10,BS,19,TS319,GAGGA,17.906976744186046,months,male,blood
TS-BloodClock_Benchmarking,56.3_T3,mm10,BS,20,TS320,GATGG,21.096345514950166,months,male,blood
TS-BloodClock_Benchmarking,56.3_T4,mm10,BS,21,TS321,GATTT,25.68106312292359,months,male,blood
TS-BloodClock_Benchmarking,56.4_BL,mm10,BS,22,TS322,GTAGG,12.823920265780732,months,male,blood
TS-BloodClock_Benchmarking,56.4_T2,mm10,BS,23,TS323,GTATA,17.906976744186046,months,male,blood
TS-BloodClock_Benchmarking,56.4_T3,mm10,BS,24,TS324,GTGAG,21.096345514950166,months,male,blood
TS-BloodClock_Benchmarking,56.4_T4,mm10,BS,25,TS325,TAATG,25.68106312292359,months,male,blood
TS-BloodClock_Benchmarking,57.1_BL,mm10,BS,26,TS326,TAGAG,12.823920265780732,months,male,blood
TS-BloodClock_Benchmarking,57.1_T2,mm10,BS,27,TS327,TATAA,17.906976744186046,months,male,blood
TS-BloodClock_Benchmarking,57.1_T3,mm10,BS,28,TS328,TGATT,21.096345514950166,months,male,blood
TS-BloodClock_Benchmarking,57.1_T4,mm10,BS,29,TS329,TGGAA,25.68106312292359,months,male,blood
TS-BloodClock_Benchmarking,57.2_T2,mm10,BS,30,TS330,ATGAG,17.906976744186046,months,male,blood
TS-BloodClock_Benchmarking,57.2_T3,mm10,BS,31,TS331,TTAGG,21.096345514950166,months,male,blood
TS-BloodClock_Benchmarking,57.2_T4,mm10,BS,32,TS332,TGAGG,25.68106312292359,months,male,blood
TS-BloodClock_Benchmarking,58.1_T4,mm10,BS,33,TS333,AGAGT,25.68106312292359,months,male,blood
TS-BloodClock_Benchmarking,58.1_T2,mm10,BS,34,TS334,GAGAT,17.906976744186046,months,male,blood
TS-BloodClock_Benchmarking,58.1_T3,mm10,BS,35,TS335,AGTTG,21.096345514950166,months,male,blood
TS-BloodClock_Benchmarking,58.2_T2,mm10,BS,36,TS336,GATGA,17.906976744186046,months,male,blood
TS-BloodClock_Benchmarking,58.2_T4,mm10,BS,37,TS337,ATGTA,25.68106312292359,months,male,blood
TS-BloodClock_Benchmarking,58.3_T2,mm10,BS,38,TS338,AGATA,17.906976744186046,months,male,blood
TS-BloodClock_Benchmarking,58.3_T3,mm10,BS,39,TS339,TGAGT,21.096345514950166,months,male,blood
TS-BloodClock_Benchmarking,58.3_T4,mm10,BS,40,TS340,TGGTT,25.68106312292359,months,male,blood
TS-BloodClock_Benchmarking,58.4_BL,mm10,BS,41,TS341,AATAT,12.823920265780732,months,male,blood
TS-BloodClock_Benchmarking,82.4_T2,mm10,BS,42,TS342,ATAAG,17.9734219269103,months,female,blood
TS-BloodClock_Benchmarking,58.4_T4,mm10,BS,43,TS343,AGTAT,25.68106312292359,months,male,blood
TS-BloodClock_Benchmarking,59.1_BL,mm10,BS,44,TS344,TGTTG,12.823920265780732,months,male,blood
TS-BloodClock_Benchmarking,59.1_T2,mm10,BS,45,TS345,GATAG,17.906976744186046,months,male,blood
TS-BloodClock_Benchmarking,59.1_T3,mm10,BS,46,TS346,TAGTG,21.096345514950166,months,male,blood
TS-BloodClock_Benchmarking,59.1_T4,mm10,BS,47,TS347,GGTAT,25.68106312292359,months,male,blood
TS-BloodClock_Benchmarking,59.1_T5,mm10,BS,48,TS348,GTATG,30.232558139534884,months,male,blood
TS-BloodClock_Benchmarking,59.2_T2,mm10,BS,49,TS349,AGGAG,17.906976744186046,months,male,blood
TS-BloodClock_Benchmarking,59.2_T3,mm10,BS,50,TS350,TTAAG,21.096345514950166,months,male,blood
TS-BloodClock_Benchmarking,59.2_T4,mm10,BS,51,TS351,AGGTG,25.68106312292359,months,male,blood
TS-BloodClock_Benchmarking,59.3_T2,mm10,BS,52,TS352,GGAAG,17.906976744186046,months,male,blood
TS-BloodClock_Benchmarking,59.3_T3,mm10,BS,53,TS353,GTGTA,21.096345514950166,months,male,blood
TS-BloodClock_Benchmarking,59.3_T4,mm10,BS,54,TS354,TAAGA,25.68106312292359,months,male,blood
TS-BloodClock_Benchmarking,59.4_T2,mm10,BS,55,TS355,ATGGT,17.906976744186046,months,male,blood
TS-BloodClock_Benchmarking,59.4_T4,mm10,BS,56,TS356,AGAGG,25.68106312292359,months,male,blood
TS-BloodClock_Benchmarking,60.1_BL,mm10,BS,57,TS357,GTGGT,12.823920265780732,months,male,blood
TS-BloodClock_Benchmarking,60.1_T2,mm10,BS,58,TS358,AGTTA,17.906976744186046,months,male,blood
TS-BloodClock_Benchmarking,60.1_T3,mm10,BS,59,TS359,GTAAG,21.096345514950166,months,male,blood
TS-BloodClock_Benchmarking,60.1_T4,mm10,BS,60,TS360,ATATT,25.68106312292359,months,male,blood
TS-BloodClock_Benchmarking,60.2_BL,mm10,BS,61,TS361,AATAG,12.823920265780732,months,male,blood
TS-BloodClock_Benchmarking,60.2_T2,mm10,BS,62,TS362,GATTA,17.906976744186046,months,male,blood
TS-BloodClock_Benchmarking,60.2_T3,mm10,BS,63,TS363,ATAGA,21.096345514950166,months,male,blood
TS-BloodClock_Benchmarking,60.2_T4,mm10,BS,64,TS364,GAAGA,25.68106312292359,months,male,blood
TS-BloodClock_Benchmarking,Lambda,Enterobacteriophage_lambda,BS,5,TS305,AGGTT,NA,NA,NA,NA
