sample_ID,pool_ID,genome,BS,barcode_N,barcode,celltype
MEFs_line32_timepointC1,TS-Clocks_CellCulture_Pool1,mm10,BS,1,AAAGA,MEFs
MEFs_line35_timepointC1,TS-Clocks_CellCulture_Pool1,mm10,BS,2,AAGTA,MEFs
MEFs_line104_timepointC1,TS-Clocks_CellCulture_Pool1,mm10,BS,3,AATTG,MEFs
MEFs_line2_timepointC1,TS-Clocks_CellCulture_Pool1,mm10,BS,4,AGATG,MEFs
MEFs_line5_timepointC1,TS-Clocks_CellCulture_Pool1,mm10,BS,5,AGGTT,MEFs
MEFs_line8_timepointC1,TS-Clocks_CellCulture_Pool1,mm10,BS,6,AGTAA,MEFs
EarFibros_line2-2_timepointC1,TS-Clocks_CellCulture_Pool1,mm10,BS,7,ATTAG,EarFibros
EarFibros_line2-3_timepointC1,TS-Clocks_CellCulture_Pool1,mm10,BS,8,GTTGT,EarFibros
EarFibros_line1-2_timepointC1,TS-Clocks_CellCulture_Pool1,mm10,BS,9,AGTGA,EarFibros
EarFibros_line3mC-2_timepointC1,TS-Clocks_CellCulture_Pool1,mm10,BS,10,ATGTG,EarFibros
EarFibros_line3mC-1_timepointC1,TS-Clocks_CellCulture_Pool1,mm10,BS,11,GTAGA,EarFibros
MEFs_line8_timepointC2,TS-Clocks_CellCulture_Pool1,mm10,BS,12,GTGGG,MEFs
MEFs_line5_timepointC2,TS-Clocks_CellCulture_Pool1,mm10,BS,13,GTGAA,MEFs
MEFs_line2_timepointC2,TS-Clocks_CellCulture_Pool1,mm10,BS,14,GTTTG,MEFs
MEFs_line32_timepointC2,TS-Clocks_CellCulture_Pool1,mm10,BS,15,GAGTG,MEFs
MEFs_line35_timepointC2,TS-Clocks_CellCulture_Pool1,mm10,BS,16,ATTGG,MEFs
MEFs_line104_timepointC2,TS-Clocks_CellCulture_Pool1,mm10,BS,17,GAAGT,MEFs
EarFibros_line3mC-1_timepointC2,TS-Clocks_CellCulture_Pool1,mm10,BS,18,GAGGG,EarFibros
EarFibros_line1-2_timepointC2,TS-Clocks_CellCulture_Pool1,mm10,BS,19,GAGGA,EarFibros
EarFibros_line2-2_timepointC2,TS-Clocks_CellCulture_Pool1,mm10,BS,20,GATGG,EarFibros
EarFibros_line2-3_timepointC2,TS-Clocks_CellCulture_Pool1,mm10,BS,21,GATTT,EarFibros
EarFibros_line3mC-2_timepointC2,TS-Clocks_CellCulture_Pool1,mm10,BS,22,GTAGG,EarFibros
MEFs_line32_timepointC3,TS-Clocks_CellCulture_Pool1,mm10,BS,23,GTATA,MEFs
MEFs_line35_timepointC3,TS-Clocks_CellCulture_Pool1,mm10,BS,24,GTGAG,MEFs
MEFs_line104_timepointC3,TS-Clocks_CellCulture_Pool1,mm10,BS,25,TAATG,MEFs
MEFs_line2_timepointC3,TS-Clocks_CellCulture_Pool1,mm10,BS,26,TAGAG,MEFs
MEFs_line5_timepointC3,TS-Clocks_CellCulture_Pool1,mm10,BS,27,TATAA,MEFs
MEFs_line8_timepointC3,TS-Clocks_CellCulture_Pool1,mm10,BS,28,TGATT,MEFs
EarFibros_line1-2_timepointC3,TS-Clocks_CellCulture_Pool1,mm10,BS,29,TGGAA,EarFibros
EarFibros_line3mC-2_timepointC3,TS-Clocks_CellCulture_Pool1,mm10,BS,30,ATGAG,EarFibros
EarFibros_line3mC-1_timepointC3,TS-Clocks_CellCulture_Pool1,mm10,BS,31,TTAGG,EarFibros
EarFibros_line2-2_timepointC3,TS-Clocks_CellCulture_Pool1,mm10,BS,32,TGAGG,EarFibros
EarFibros_line2-3_timepointC3,TS-Clocks_CellCulture_Pool1,mm10,BS,33,AGAGT,EarFibros
EarFibros_line3Frep1_timepointTP0,TS-Clocks_CellCulture_Pool1,mm10,BS,34,GAGAT,EarFibros
EarFibros_line31Rrep2_timepointTP0,TS-Clocks_CellCulture_Pool1,mm10,BS,35,AGTTG,EarFibros
EarFibros_line3Grep1_timepointTP0,TS-Clocks_CellCulture_Pool1,mm10,BS,36,GATGA,EarFibros